RegionName,SizeRank,Date,Forecast_ZHVI,Forecast_Lower_95,Forecast_Upper_95
"New York, NY",1,2026-09-30,739820.43,731862.89,747947.98
"New York, NY",1,2026-10-31,742101.18,733577.7,749768.63
"New York, NY",1,2026-11-30,744430.98,736310.03,752654.99
"New York, NY",1,2026-12-31,747049.84,739185.5,756142.69
"New York, NY",1,2027-01-31,750103.08,741088.31,758131.15
"New York, NY",1,2027-02-28,752479.25,743609.02,761972.41
"New York, NY",1,2027-03-31,755651.51,746153.89,766275.53
"New York, NY",1,2027-04-30,758701.26,747415.52,770183.19
"New York, NY",1,2027-05-31,761935.57,750172.86,775192.62
"New York, NY",1,2027-06-30,764839.46,750200.53,780071.54
"New York, NY",1,2027-07-31,767643.95,752919.69,783996.83
"New York, NY",1,2027-08-31,770095.93,752574.77,789575.53
"New York, NY",1,2027-09-30,772177.16,753126.89,792588.95
"New York, NY",1,2027-10-31,774326.59,753452.93,799395.47
"New York, NY",1,2027-11-30,776606.8,752381.07,801477.96
"New York, NY",1,2027-12-31,779326.84,754251.93,808403.6
"New York, NY",1,2028-01-31,782740.1,754974.92,812126.18
"New York, NY",1,2028-02-29,785137.11,754390.02,819747.79
"New York, NY",1,2028-03-31,788084.66,755810.2,824699.49
"New York, NY",1,2028-04-30,791340.33,754224.86,832251.04
"New York, NY",1,2028-05-31,794542.62,756172.03,836732.41
"New York, NY",1,2028-06-30,797440.35,753661.13,843906.68
"New York, NY",1,2028-07-31,799768.36,754605.13,847197.4
"New York, NY",1,2028-08-31,802073.3,752197.84,852180.24
"New York, NY",1,2028-09-30,804514.55,752411.29,858291.6
"New York, NY",1,2028-10-31,807062.15,754213.05,867776.18
"New York, NY",1,2028-11-30,809508.32,754901.81,871086.66
"New York, NY",1,2028-12-31,811940.6,752416.19,875438.26
"New York, NY",1,2029-01-31,814256.77,752306.35,883810.49
"New York, NY",1,2029-02-28,817396.33,752618.32,890191.66
"New York, NY",1,2029-03-31,820416.26,752897.26,895940.61
"New York, NY",1,2029-04-30,823602.51,748239.83,905488.87
"New York, NY",1,2029-05-31,826813.62,753836.66,912025.57
"New York, NY",1,2029-06-30,829710.73,750095.87,917681.2
"New York, NY",1,2029-07-31,832197.63,751238.32,922306.03
"New York, NY",1,2029-08-31,834556.23,747219.76,931723.01
"Los Angeles, CA",2,2026-09-30,1008786.3,972067.84,1044362.67
"Los Angeles, CA",2,2026-10-31,1012347.25,974661.62,1051176.61
"Los Angeles, CA",2,2026-11-30,1015937.6,974965.1,1054903.17
"Los Angeles, CA",2,2026-12-31,1019848.47,980866.16,1060551.88
"Los Angeles, CA",2,2027-01-31,1023150.48,987218.92,1059723.98
"Los Angeles, CA",2,2027-02-28,1027317.09,988879.93,1067509.52
"Los Angeles, CA",2,2027-03-31,1029803.85,992094.77,1068328.92
"Los Angeles, CA",2,2027-04-30,1032280.62,993679.14,1071806.74
"Los Angeles, CA",2,2027-05-31,1035188.84,997289.99,1077325.96
"Los Angeles, CA",2,2027-06-30,1038276.13,991446.68,1085663.8
"Los Angeles, CA",2,2027-07-31,1041697.46,997941.47,1086208.57
"Los Angeles, CA",2,2027-08-31,1044770.73,997448.48,1092083.6
"Los Angeles, CA",2,2027-09-30,1051027.66,1000688.4,1098849.45
"Los Angeles, CA",2,2027-10-31,1054293.97,1006008.44,1100634.77
"Los Angeles, CA",2,2027-11-30,1057644.45,1003245.98,1113750.08
"Los Angeles, CA",2,2027-12-31,1061353.28,1000826.38,1118172.56
"Los Angeles, CA",2,2028-01-31,1063965.73,1004933.18,1124598.38
"Los Angeles, CA",2,2028-02-29,1067246.94,1006313.49,1133291.19
"Los Angeles, CA",2,2028-03-31,1070161.95,1002921.03,1143843.36
"Los Angeles, CA",2,2028-04-30,1073865.88,1003443.12,1146400.36
"Los Angeles, CA",2,2028-05-31,1077873.76,999860.48,1152964.33
"Los Angeles, CA",2,2028-06-30,1081080.04,1004535.66,1162304.43
"Los Angeles, CA",2,2028-07-31,1083778.16,1001041.41,1170032.1
"Los Angeles, CA",2,2028-08-31,1087043.05,997189.19,1177189.98
"Los Angeles, CA",2,2028-09-30,1091337.9,997581.05,1187925.05
"Los Angeles, CA",2,2028-10-31,1095446.59,1000703.38,1195570.05
"Los Angeles, CA",2,2028-11-30,1099505.4,1000886.2,1205488.96
"Los Angeles, CA",2,2028-12-31,1103820.82,997324.39,1211320.41
"Los Angeles, CA",2,2029-01-31,1108571.46,995235.6,1220489.42
"Los Angeles, CA",2,2029-02-28,1109591.13,995534.89,1230672.65
"Los Angeles, CA",2,2029-03-31,1112387.14,991687.5,1245785.24
"Los Angeles, CA",2,2029-04-30,1115692.81,994799.61,1247959.36
"Los Angeles, CA",2,2029-05-31,1119329.35,990757.35,1258405.28
"Los Angeles, CA",2,2029-06-30,1122483.16,991032.17,1272751.62
"Los Angeles, CA",2,2029-07-31,1125417.03,992949.48,1267274.08
"Los Angeles, CA",2,2029-08-31,1128612.86,984714.25,1285100.65
"Chicago, IL",3,2026-09-30,359943.14,355397.35,364057.08
"Chicago, IL",3,2026-10-31,361125.85,356815.56,365299.98
"Chicago, IL",3,2026-11-30,362252.82,357720.39,366231.8
"Chicago, IL",3,2026-12-31,363525.92,358829.64,367770.12
"Chicago, IL",3,2027-01-31,365014.43,360010.59,369715.32
"Chicago, IL",3,2027-02-28,365960.67,360291.93,370436.6
"Chicago, IL",3,2027-03-31,367700.24,360416.05,373000.71
"Chicago, IL",3,2027-04-30,369409.23,360954.82,375621.63
"Chicago, IL",3,2027-05-31,370963.19,361766.97,378463.68
"Chicago, IL",3,2027-06-30,372340.29,361691.91,381025.54
"Chicago, IL",3,2027-07-31,373590.47,360405.13,383918.74
"Chicago, IL",3,2027-08-31,374705.53,360606.17,385761.76
"Chicago, IL",3,2027-09-30,375625.84,360509.58,388240.4
"Chicago, IL",3,2027-10-31,376752.78,360905.53,390332.93
"Chicago, IL",3,2027-11-30,377936.77,358285.96,392791.99
"Chicago, IL",3,2027-12-31,379306.72,358207.6,395532.22
"Chicago, IL",3,2028-01-31,381023.62,358636.12,397439.22
"Chicago, IL",3,2028-02-29,382252.86,358340.56,400702.38
"Chicago, IL",3,2028-03-31,383699.78,357285.8,403613.3
"Chicago, IL",3,2028-04-30,385214.01,356894.01,406522.49
"Chicago, IL",3,2028-05-31,386760.06,355703.72,410610.08
"Chicago, IL",3,2028-06-30,388069.4,354528.35,412576.1
"Chicago, IL",3,2028-07-31,389125.83,353631.88,414942.23
"Chicago, IL",3,2028-08-31,390292.2,352208.79,416771.12
"Chicago, IL",3,2028-09-30,391565.28,352267.58,421502.45
"Chicago, IL",3,2028-10-31,392868.62,350976.38,424251.64
"Chicago, IL",3,2028-11-30,393892.8,350006.74,426398.31
"Chicago, IL",3,2028-12-31,394975.94,348512.82,431216.04
"Chicago, IL",3,2029-01-31,395987.34,347398.64,433724.46
"Chicago, IL",3,2029-02-28,397825.68,348663.49,437032.58
"Chicago, IL",3,2029-03-31,399364.62,347629.82,439755.32
"Chicago, IL",3,2029-04-30,400943.0,347001.1,442461.32
"Chicago, IL",3,2029-05-31,402491.92,344743.61,447707.77
"Chicago, IL",3,2029-06-30,403823.71,345809.65,451028.57
"Chicago, IL",3,2029-07-31,404946.1,344328.76,453072.41
"Chicago, IL",3,2029-08-31,406098.24,342393.18,456069.74
"Dallas, TX",4,2026-09-30,402603.21,376137.58,426970.24
"Dallas, TX",4,2026-10-31,403444.16,376442.93,430253.61
"Dallas, TX",4,2026-11-30,404346.78,376204.95,430785.69
"Dallas, TX",4,2026-12-31,405330.92,379541.61,433719.06
"Dallas, TX",4,2027-01-31,406272.55,381002.2,433050.69
"Dallas, TX",4,2027-02-28,407535.28,380997.73,432354.12
"Dallas, TX",4,2027-03-31,408938.22,381287.74,437397.86
"Dallas, TX",4,2027-04-30,410074.17,383925.63,437249.84
"Dallas, TX",4,2027-05-31,411212.23,384248.23,437889.93
"Dallas, TX",4,2027-06-30,412305.25,386213.75,440222.19
"Dallas, TX",4,2027-07-31,413380.14,385949.72,438993.9
"Dallas, TX",4,2027-08-31,414023.49,384661.17,440946.53
"Dallas, TX",4,2027-09-30,417232.09,389526.28,446095.72
"Dallas, TX",4,2027-10-31,417930.0,391110.02,443645.87
"Dallas, TX",4,2027-11-30,418757.68,391989.35,448337.35
"Dallas, TX",4,2027-12-31,419724.26,393645.97,446722.54
"Dallas, TX",4,2028-01-31,420386.71,392659.26,446633.27
"Dallas, TX",4,2028-02-29,421884.89,395365.16,450458.9
"Dallas, TX",4,2028-03-31,422936.94,395661.68,450619.09
"Dallas, TX",4,2028-04-30,424229.73,396006.89,453122.98
"Dallas, TX",4,2028-05-31,425599.31,395762.15,453444.57
"Dallas, TX",4,2028-06-30,426876.09,400548.65,454105.65
"Dallas, TX",4,2028-07-31,427980.66,400936.76,456085.9
"Dallas, TX",4,2028-08-31,429241.11,401782.93,456658.07
"Dallas, TX",4,2028-09-30,430928.62,401855.54,457672.01
"Dallas, TX",4,2028-10-31,432033.91,404285.96,459246.12
"Dallas, TX",4,2028-11-30,433081.14,401909.31,461610.47
"Dallas, TX",4,2028-12-31,434095.33,403195.91,465005.14
"Dallas, TX",4,2029-01-31,435609.74,407512.13,464834.16
"Dallas, TX",4,2029-02-28,436284.48,406097.48,464873.13
"Dallas, TX",4,2029-03-31,437457.22,405962.9,469220.05
"Dallas, TX",4,2029-04-30,438702.48,408506.67,467274.75
"Dallas, TX",4,2029-05-31,439996.15,410827.6,469778.13
"Dallas, TX",4,2029-06-30,441210.85,412481.73,472355.51
"Dallas, TX",4,2029-07-31,442304.83,410517.52,473519.39
"Dallas, TX",4,2029-08-31,443352.36,411323.58,475269.42
"Houston, TX",5,2026-09-30,334334.38,316409.25,352733.41
"Houston, TX",5,2026-10-31,335043.68,317435.03,353372.45
"Houston, TX",5,2026-11-30,335811.19,318402.28,355171.52
"Houston, TX",5,2026-12-31,336682.85,318405.95,354158.45
"Houston, TX",5,2027-01-31,337680.07,320303.22,355173.66
"Houston, TX",5,2027-02-28,337976.55,321228.57,356062.66
"Houston, TX",5,2027-03-31,339333.2,322059.21,356295.24
"Houston, TX",5,2027-04-30,340406.87,322000.7,357512.7
"Houston, TX",5,2027-05-31,341406.28,322815.4,359866.8
"Houston, TX",5,2027-06-30,342304.34,323213.16,360359.73
"Houston, TX",5,2027-07-31,343126.48,324746.21,362355.24
"Houston, TX",5,2027-08-31,343680.23,326030.87,360849.38
"Houston, TX",5,2027-09-30,345984.57,328009.88,363981.4
"Houston, TX",5,2027-10-31,346599.84,328185.91,364872.5
"Houston, TX",5,2027-11-30,347348.89,329949.84,366190.53
"Houston, TX",5,2027-12-31,348296.27,329623.74,367285.43
"Houston, TX",5,2028-01-31,349358.0,331721.07,368070.88
"Houston, TX",5,2028-02-29,350366.58,330332.1,369642.52
"Houston, TX",5,2028-03-31,350890.91,332430.88,371879.1
"Houston, TX",5,2028-04-30,351734.59,334632.13,371015.42
"Houston, TX",5,2028-05-31,352739.62,334489.35,372730.75
"Houston, TX",5,2028-06-30,353754.15,334088.93,372933.04
"Houston, TX",5,2028-07-31,354772.18,334649.85,375573.46
"Houston, TX",5,2028-08-31,355886.6,337310.28,375033.87
"Houston, TX",5,2028-09-30,357253.0,337968.06,376802.3
"Houston, TX",5,2028-10-31,358141.08,338831.32,378186.2
"Houston, TX",5,2028-11-30,358948.17,338511.77,380101.07
"Houston, TX",5,2028-12-31,359667.5,338352.47,378863.05
"Houston, TX",5,2029-01-31,360520.49,340956.37,380562.73
"Houston, TX",5,2029-02-28,361640.54,342088.82,382470.69
"Houston, TX",5,2029-03-31,362436.47,341217.38,383094.62
"Houston, TX",5,2029-04-30,363359.57,341396.41,386701.67
"Houston, TX",5,2029-05-31,364365.56,342872.94,384780.46
"Houston, TX",5,2029-06-30,365343.67,344401.08,387951.87
"Houston, TX",5,2029-07-31,366297.38,344031.01,389756.01
"Houston, TX",5,2029-08-31,367219.67,346680.02,390524.8
"Washington, DC",6,2026-09-30,592568.31,582561.41,601941.21
"Washington, DC",6,2026-10-31,593390.35,584446.6,604191.5
"Washington, DC",6,2026-11-30,594433.6,584788.89,604444.81
"Washington, DC",6,2026-12-31,595895.68,584792.86,606635.29
"Washington, DC",6,2027-01-31,597766.08,585305.7,608851.44
"Washington, DC",6,2027-02-28,598229.19,583137.67,610734.29
"Washington, DC",6,2027-03-31,600486.14,586006.83,615403.36
"Washington, DC",6,2027-04-30,602566.03,585075.87,619703.0
"Washington, DC",6,2027-05-31,604432.89,582883.71,623354.88
"Washington, DC",6,2027-06-30,605779.54,581494.35,627917.89
"Washington, DC",6,2027-07-31,606805.34,576890.72,633529.28
"Washington, DC",6,2027-08-31,607362.33,575312.47,635629.78
"Washington, DC",6,2027-09-30,608843.59,573896.66,640705.51
"Washington, DC",6,2027-10-31,609559.24,567610.52,644601.43
"Washington, DC",6,2027-11-30,610613.84,567488.73,648464.47
"Washington, DC",6,2027-12-31,612305.41,563663.13,656565.44
"Washington, DC",6,2028-01-31,614546.84,562137.12,660777.0
"Washington, DC",6,2028-02-29,615991.91,559856.21,665145.17
"Washington, DC",6,2028-03-31,617119.94,556922.78,669651.91
"Washington, DC",6,2028-04-30,618734.75,552185.59,677364.16
"Washington, DC",6,2028-05-31,620483.84,554441.46,680510.21
"Washington, DC",6,2028-06-30,621972.71,548653.94,685308.16
"Washington, DC",6,2028-07-31,622893.59,542069.5,692152.45
"Washington, DC",6,2028-08-31,623889.69,544439.49,694822.9
"Washington, DC",6,2028-09-30,625197.28,544467.8,703130.18
"Washington, DC",6,2028-10-31,626236.52,535336.99,708740.77
"Washington, DC",6,2028-11-30,627274.25,536825.26,713175.31
"Washington, DC",6,2028-12-31,628283.03,527595.05,718308.44
"Washington, DC",6,2029-01-31,629368.69,527305.66,724854.71
"Washington, DC",6,2029-02-28,631806.19,528901.54,732208.84
"Washington, DC",6,2029-03-31,633297.53,520675.02,737882.99
"Washington, DC",6,2029-04-30,635068.31,516389.92,747526.92
"Washington, DC",6,2029-05-31,636860.01,515603.88,753712.24
"Washington, DC",6,2029-06-30,638303.77,507591.21,759062.92
"Washington, DC",6,2029-07-31,639261.54,508853.47,763736.92
"Washington, DC",6,2029-08-31,640111.09,496651.33,768500.14
"Philadelphia, PA",7,2026-09-30,401635.22,396075.38,407763.69
"Philadelphia, PA",7,2026-10-31,402818.86,397071.47,408456.27
"Philadelphia, PA",7,2026-11-30,404084.9,398655.0,409953.2
"Philadelphia, PA",7,2026-12-31,405594.99,399677.24,411486.9
"Philadelphia, PA",7,2027-01-31,407319.44,401579.97,413849.41
"Philadelphia, PA",7,2027-02-28,408121.11,401023.83,414619.98
"Philadelphia, PA",7,2027-03-31,410271.95,403159.24,416959.38
"Philadelphia, PA",7,2027-04-30,412220.54,404054.43,419601.51
"Philadelphia, PA",7,2027-05-31,414162.48,405636.35,422543.12
"Philadelphia, PA",7,2027-06-30,415818.81,406558.22,424823.0
"Philadelphia, PA",7,2027-07-31,417347.67,407648.78,428455.94
"Philadelphia, PA",7,2027-08-31,418575.26,406903.41,429502.78
"Philadelphia, PA",7,2027-09-30,420197.63,408333.76,432360.32
"Philadelphia, PA",7,2027-10-31,421285.07,407485.42,435090.16
"Philadelphia, PA",7,2027-11-30,422588.71,407293.17,438765.51
"Philadelphia, PA",7,2027-12-31,424256.89,406747.94,441774.45
"Philadelphia, PA",7,2028-01-31,426233.05,407888.92,444974.31
"Philadelphia, PA",7,2028-02-29,427734.53,407522.98,447598.29
"Philadelphia, PA",7,2028-03-31,429082.96,407073.14,451251.19
"Philadelphia, PA",7,2028-04-30,430752.58,408240.88,455121.83
"Philadelphia, PA",7,2028-05-31,432578.75,407015.04,457538.11
"Philadelphia, PA",7,2028-06-30,434374.77,407863.32,463073.04
"Philadelphia, PA",7,2028-07-31,435815.01,408238.37,464096.29
"Philadelphia, PA",7,2028-08-31,437270.88,407760.99,465993.22
"Philadelphia, PA",7,2028-09-30,438832.48,407210.38,469495.61
"Philadelphia, PA",7,2028-10-31,440213.21,405110.82,474420.44
"Philadelphia, PA",7,2028-11-30,441417.12,405307.02,477772.31
"Philadelphia, PA",7,2028-12-31,442613.94,404189.01,481720.22
"Philadelphia, PA",7,2029-01-31,443805.22,403925.9,482916.44
"Philadelphia, PA",7,2029-02-28,445977.3,404767.37,488543.13
"Philadelphia, PA",7,2029-03-31,447584.35,402933.55,490125.84
"Philadelphia, PA",7,2029-04-30,449347.54,404423.71,495544.65
"Philadelphia, PA",7,2029-05-31,451214.57,401182.42,499621.12
"Philadelphia, PA",7,2029-06-30,452965.58,402861.61,503572.28
"Philadelphia, PA",7,2029-07-31,454436.32,400668.73,507393.15
"Philadelphia, PA",7,2029-08-31,455816.37,401757.66,508593.72
"Miami, FL",8,2026-09-30,536628.17,497793.48,573991.23
"Miami, FL",8,2026-10-31,538796.29,502409.08,572477.32
"Miami, FL",8,2026-11-30,541185.51,507020.97,574751.53
"Miami, FL",8,2026-12-31,544114.27,508681.71,577472.13
"Miami, FL",8,2027-01-31,547553.39,511375.25,581810.59
"Miami, FL",8,2027-02-28,546711.21,513300.8,579970.24
"Miami, FL",8,2027-03-31,551186.55,514422.77,583005.87
"Miami, FL",8,2027-04-30,554581.31,518860.69,588738.97
"Miami, FL",8,2027-05-31,557380.08,522015.23,593309.1
"Miami, FL",8,2027-06-30,559600.73,524411.44,594305.57
"Miami, FL",8,2027-07-31,561483.39,525309.78,599083.08
"Miami, FL",8,2027-08-31,562765.73,524469.62,596152.26
"Miami, FL",8,2027-09-30,567781.05,530607.56,603455.19
"Miami, FL",8,2027-10-31,569800.29,532889.92,608836.54
"Miami, FL",8,2027-11-30,572436.6,534917.13,612140.6
"Miami, FL",8,2027-12-31,575994.13,536967.41,618409.58
"Miami, FL",8,2028-01-31,580049.79,539737.53,619650.6
"Miami, FL",8,2028-02-29,582923.89,541320.54,621112.71
"Miami, FL",8,2028-03-31,583597.74,541447.16,621611.25
"Miami, FL",8,2028-04-30,585127.48,541357.95,629032.16
"Miami, FL",8,2028-05-31,587248.44,545716.11,630693.74
"Miami, FL",8,2028-06-30,589821.58,543760.33,634721.92
"Miami, FL",8,2028-07-31,592599.36,548211.07,639637.79
"Miami, FL",8,2028-08-31,595845.34,550219.91,642657.06
"Miami, FL",8,2028-09-30,599490.48,551293.2,647720.56
"Miami, FL",8,2028-10-31,601968.6,553205.27,652474.94
"Miami, FL",8,2028-11-30,603892.52,553802.52,655246.03
"Miami, FL",8,2028-12-31,605547.54,549595.02,657805.13
"Miami, FL",8,2029-01-31,607628.64,552462.51,661108.69
"Miami, FL",8,2029-02-28,612589.52,554299.23,668377.32
"Miami, FL",8,2029-03-31,614487.99,550406.89,669819.28
"Miami, FL",8,2029-04-30,616642.73,555506.19,678087.3
"Miami, FL",8,2029-05-31,619004.03,551871.4,679924.37
"Miami, FL",8,2029-06-30,621476.5,556901.6,685177.4
"Miami, FL",8,2029-07-31,623964.53,558194.08,690234.37
"Miami, FL",8,2029-08-31,626544.95,556461.12,691966.74
"Atlanta, GA",9,2026-09-30,420576.1,396739.54,446976.26
"Atlanta, GA",9,2026-10-31,421939.19,396366.71,446181.01
"Atlanta, GA",9,2026-11-30,423334.13,398104.62,447804.27
"Atlanta, GA",9,2026-12-31,424877.39,400451.83,449979.45
"Atlanta, GA",9,2027-01-31,425789.07,402817.02,451975.55
"Atlanta, GA",9,2027-02-28,426919.7,402275.41,450852.15
"Atlanta, GA",9,2027-03-31,429155.55,405725.14,455658.65
"Atlanta, GA",9,2027-04-30,430862.48,403938.61,456619.23
"Atlanta, GA",9,2027-05-31,432388.75,405832.69,456592.05
"Atlanta, GA",9,2027-06-30,433729.1,407440.57,456041.41
"Atlanta, GA",9,2027-07-31,435089.58,409904.51,459277.44
"Atlanta, GA",9,2027-08-31,436067.35,411900.82,459915.47
"Atlanta, GA",9,2027-09-30,439766.45,415044.47,464201.93
"Atlanta, GA",9,2027-10-31,441034.98,414379.7,468562.15
"Atlanta, GA",9,2027-11-30,442485.46,415789.0,469496.74
"Atlanta, GA",9,2027-12-31,444167.33,419791.36,471919.1
"Atlanta, GA",9,2028-01-31,444525.91,416776.34,470891.48
"Atlanta, GA",9,2028-02-29,446827.42,419428.64,472730.55
"Atlanta, GA",9,2028-03-31,447809.56,422762.43,472479.37
"Atlanta, GA",9,2028-04-30,449326.28,420378.71,475443.82
"Atlanta, GA",9,2028-05-31,451098.83,422139.03,479522.05
"Atlanta, GA",9,2028-06-30,452847.68,424896.35,481721.31
"Atlanta, GA",9,2028-07-31,454433.39,425077.21,482490.76
"Atlanta, GA",9,2028-08-31,456235.04,429048.39,484761.15
"Atlanta, GA",9,2028-09-30,458370.51,425936.62,489348.76
"Atlanta, GA",9,2028-10-31,459907.71,430235.92,488785.0
"Atlanta, GA",9,2028-11-30,461185.33,429693.5,491302.31
"Atlanta, GA",9,2028-12-31,462425.29,430678.91,495738.48
"Atlanta, GA",9,2029-01-31,464441.9,433740.25,499973.99
"Atlanta, GA",9,2029-02-28,465568.7,429182.09,500733.78
"Atlanta, GA",9,2029-03-31,466966.59,432483.4,500489.26
"Atlanta, GA",9,2029-04-30,468554.92,434174.22,505441.56
"Atlanta, GA",9,2029-05-31,470250.66,434237.33,508614.28
"Atlanta, GA",9,2029-06-30,471865.14,431516.76,510572.42
"Atlanta, GA",9,2029-07-31,473375.16,436011.88,514677.42
"Atlanta, GA",9,2029-08-31,474892.93,432345.14,516688.25
"Boston, MA",10,2026-09-30,760965.26,746862.19,772681.17
"Boston, MA",10,2026-10-31,763058.56,749444.07,775453.38
"Boston, MA",10,2026-11-30,765378.17,752604.62,778236.98
"Boston, MA",10,2026-12-31,767997.77,754561.8,780979.54
"Boston, MA",10,2027-01-31,771083.36,757907.85,783722.79
"Boston, MA",10,2027-02-28,772943.09,760157.05,785978.65
"Boston, MA",10,2027-03-31,776362.65,762253.31,789787.49
"Boston, MA",10,2027-04-30,779705.58,764660.77,795336.46
"Boston, MA",10,2027-05-31,783002.52,767933.05,799330.13
"Boston, MA",10,2027-06-30,785862.72,770362.03,803403.45
"Boston, MA",10,2027-07-31,788310.2,769613.48,808642.14
"Boston, MA",10,2027-08-31,790259.0,772071.01,812060.52
"Boston, MA",10,2027-09-30,793424.39,773597.8,817080.65
"Boston, MA",10,2027-10-31,795311.38,773628.81,820874.71
"Boston, MA",10,2027-11-30,797578.57,773529.45,824288.81
"Boston, MA",10,2027-12-31,800364.45,772642.91,829822.22
"Boston, MA",10,2028-01-31,803833.29,775043.2,834506.95
"Boston, MA",10,2028-02-29,806390.26,774845.06,842044.41
"Boston, MA",10,2028-03-31,808937.75,775562.74,845766.7
"Boston, MA",10,2028-04-30,811950.17,774175.76,850988.44
"Boston, MA",10,2028-05-31,815313.43,777730.9,860533.73
"Boston, MA",10,2028-06-30,818357.19,774294.51,863456.01
"Boston, MA",10,2028-07-31,820642.68,775846.85,872276.32
"Boston, MA",10,2028-08-31,822823.99,775482.18,873165.59
"Boston, MA",10,2028-09-30,825502.45,773046.19,878060.05
"Boston, MA",10,2028-10-31,828004.27,771870.22,887651.58
"Boston, MA",10,2028-11-30,830446.56,775834.35,890058.75
"Boston, MA",10,2028-12-31,832746.16,772243.22,895602.22
"Boston, MA",10,2029-01-31,835034.41,768939.63,904453.37
"Boston, MA",10,2029-02-28,838399.78,769208.75,908450.85
"Boston, MA",10,2029-03-31,841228.73,772159.93,912297.54
"Boston, MA",10,2029-04-30,844353.16,768248.79,925487.63
"Boston, MA",10,2029-05-31,847696.96,765524.89,927914.39
"Boston, MA",10,2029-06-30,850679.61,767298.8,937098.32
"Boston, MA",10,2029-07-31,853019.02,767554.31,939588.89
"Boston, MA",10,2029-08-31,855121.79,763371.2,946848.65
