RegionName,StateName,LatestZHVI,YoY_Growth_Pct,5Yr_Growth_Pct,StartDate,EndDate,TotalMonths
"San Francisco, CA",CA,1123192.99,2.27,2.35,2000-01-31,2026-08-31,320
"Los Angeles, CA",CA,952601.25,1.19,20.06,2000-01-31,2026-08-31,320
"San Diego, CA",CA,930784.88,0.48,21.92,2000-01-31,2026-08-31,320
"New York, NY",NY,735075.47,4.74,27.56,2000-01-31,2026-08-31,320
"Boston, MA",MA,733574.17,2.13,23.31,2000-01-31,2026-08-31,320
"Seattle, WA",WA,727358.88,-1.46,10.14,2000-01-31,2026-08-31,320
"Riverside, CA",CA,581454.42,0.24,18.1,2000-01-31,2026-08-31,320
"Sacramento, CA",CA,574820.4,-0.31,4.32,2000-01-31,2026-08-31,320
"Washington, DC",VA,573335.66,0.18,12.77,2000-01-31,2026-08-31,320
"Denver, CO",CO,559705.09,-1.89,4.45,2000-01-31,2026-08-31,320
"Portland, OR",OR,542842.58,-0.36,6.19,2000-01-31,2026-08-31,320
"Miami, FL",FL,475829.63,-0.46,30.22,2000-01-31,2026-08-31,320
"Phoenix, AZ",AZ,442078.42,-1.22,7.94,2000-01-31,2026-08-31,318
"Las Vegas, NV",NV,423983.18,-2.69,16.87,2000-01-31,2026-08-31,320
"Austin, TX",TX,417976.86,-4.73,-13.69,2000-01-31,2026-08-31,320
"Baltimore, MD",MD,400262.61,0.6,15.38,2000-01-31,2026-08-31,320
"Philadelphia, PA",PA,389523.61,2.54,27.58,2000-01-31,2026-08-31,320
"Minneapolis, MN",MN,388864.7,1.84,10.62,2000-01-31,2026-08-31,320
"Charlotte, NC",NC,384458.2,-0.53,22.33,2000-01-31,2026-08-31,320
"Orlando, FL",FL,383445.46,-1.83,21.56,2000-01-31,2026-08-31,320
"Atlanta, GA",GA,377428.4,-1.58,19.14,2000-01-31,2026-08-31,320
United States,,368696.68,1.17,20.34,2000-01-31,2026-08-31,320
"Dallas, TX",TX,360436.82,-2.28,11.87,2000-01-31,2026-08-31,319
"Tampa, FL",FL,358705.69,-1.48,17.7,2000-01-31,2026-08-31,320
"Chicago, IL",IL,357264.94,4.91,27.37,2000-01-31,2026-08-31,320
"Columbus, OH",OH,330327.33,1.37,24.59,2000-01-31,2026-08-31,320
"Kansas City, MO",MO,327319.87,3.74,25.66,2000-01-31,2026-08-31,320
"Cincinnati, OH",OH,308426.23,2.37,26.12,2000-01-31,2026-08-31,320
"Houston, TX",TX,305001.46,-1.92,12.4,2000-01-31,2026-08-31,320
"Indianapolis, IN",IN,293505.82,1.06,23.21,2003-06-30,2026-08-31,279
"San Antonio, TX",TX,276746.66,-1.88,5.42,2000-01-31,2026-08-31,320
"St. Louis, MO",MO,275703.75,3.36,24.44,2000-01-31,2026-08-31,320
"Detroit, MI",MI,267167.04,2.09,21.68,2000-01-31,2026-08-31,320
"Cleveland, OH",OH,253677.84,3.92,31.59,2000-01-31,2026-08-31,320
"Pittsburgh, PA",PA,232121.5,0.24,11.44,2000-01-31,2026-08-31,320
