filename,filepath,condition_class,label
new_000.jpg,C:\Users\LENOVO\Desktop\realityai\data\raw\property_conditions\new\new_000.jpg,new,0
new_001.jpg,C:\Users\LENOVO\Desktop\realityai\data\raw\property_conditions\new\new_001.jpg,new,0
new_002.jpg,C:\Users\LENOVO\Desktop\realityai\data\raw\property_conditions\new\new_002.jpg,new,0
new_003.jpg,C:\Users\LENOVO\Desktop\realityai\data\raw\property_conditions\new\new_003.jpg,new,0
new_004.jpg,C:\Users\LENOVO\Desktop\realityai\data\raw\property_conditions\new\new_004.jpg,new,0
new_005.jpg,C:\Users\LENOVO\Desktop\realityai\data\raw\property_conditions\new\new_005.jpg,new,0
new_006.jpg,C:\Users\LENOVO\Desktop\realityai\data\raw\property_conditions\new\new_006.jpg,new,0
new_007.jpg,C:\Users\LENOVO\Desktop\realityai\data\raw\property_conditions\new\new_007.jpg,new,0
new_008.jpg,C:\Users\LENOVO\Desktop\realityai\data\raw\property_conditions\new\new_008.jpg,new,0
new_009.jpg,C:\Users\LENOVO\Desktop\realityai\data\raw\property_conditions\new\new_009.jpg,new,0
new_010.jpg,C:\Users\LENOVO\Desktop\realityai\data\raw\property_conditions\new\new_010.jpg,new,0
new_011.jpg,C:\Users\LENOVO\Desktop\realityai\data\raw\property_conditions\new\new_011.jpg,new,0
new_012.jpg,C:\Users\LENOVO\Desktop\realityai\data\raw\property_conditions\new\new_012.jpg,new,0
new_013.jpg,C:\Users\LENOVO\Desktop\realityai\data\raw\property_conditions\new\new_013.jpg,new,0
new_014.jpg,C:\Users\LENOVO\Desktop\realityai\data\raw\property_conditions\new\new_014.jpg,new,0
new_015.jpg,C:\Users\LENOVO\Desktop\realityai\data\raw\property_conditions\new\new_015.jpg,new,0
new_016.jpg,C:\Users\LENOVO\Desktop\realityai\data\raw\property_conditions\new\new_016.jpg,new,0
new_017.jpg,C:\Users\LENOVO\Desktop\realityai\data\raw\property_conditions\new\new_017.jpg,new,0
new_018.jpg,C:\Users\LENOVO\Desktop\realityai\data\raw\property_conditions\new\new_018.jpg,new,0
new_019.jpg,C:\Users\LENOVO\Desktop\realityai\data\raw\property_conditions\new\new_019.jpg,new,0
new_020.jpg,C:\Users\LENOVO\Desktop\realityai\data\raw\property_conditions\new\new_020.jpg,new,0
new_021.jpg,C:\Users\LENOVO\Desktop\realityai\data\raw\property_conditions\new\new_021.jpg,new,0
new_022.jpg,C:\Users\LENOVO\Desktop\realityai\data\raw\property_conditions\new\new_022.jpg,new,0
new_023.jpg,C:\Users\LENOVO\Desktop\realityai\data\raw\property_conditions\new\new_023.jpg,new,0
new_024.jpg,C:\Users\LENOVO\Desktop\realityai\data\raw\property_conditions\new\new_024.jpg,new,0
new_025.jpg,C:\Users\LENOVO\Desktop\realityai\data\raw\property_conditions\new\new_025.jpg,new,0
new_026.jpg,C:\Users\LENOVO\Desktop\realityai\data\raw\property_conditions\new\new_026.jpg,new,0
new_027.jpg,C:\Users\LENOVO\Desktop\realityai\data\raw\property_conditions\new\new_027.jpg,new,0
new_028.jpg,C:\Users\LENOVO\Desktop\realityai\data\raw\property_conditions\new\new_028.jpg,new,0
new_029.jpg,C:\Users\LENOVO\Desktop\realityai\data\raw\property_conditions\new\new_029.jpg,new,0
new_030.jpg,C:\Users\LENOVO\Desktop\realityai\data\raw\property_conditions\new\new_030.jpg,new,0
new_031.jpg,C:\Users\LENOVO\Desktop\realityai\data\raw\property_conditions\new\new_031.jpg,new,0
new_032.jpg,C:\Users\LENOVO\Desktop\realityai\data\raw\property_conditions\new\new_032.jpg,new,0
new_033.jpg,C:\Users\LENOVO\Desktop\realityai\data\raw\property_conditions\new\new_033.jpg,new,0
new_034.jpg,C:\Users\LENOVO\Desktop\realityai\data\raw\property_conditions\new\new_034.jpg,new,0
new_035.jpg,C:\Users\LENOVO\Desktop\realityai\data\raw\property_conditions\new\new_035.jpg,new,0
new_036.jpg,C:\Users\LENOVO\Desktop\realityai\data\raw\property_conditions\new\new_036.jpg,new,0
new_037.jpg,C:\Users\LENOVO\Desktop\realityai\data\raw\property_conditions\new\new_037.jpg,new,0
new_038.jpg,C:\Users\LENOVO\Desktop\realityai\data\raw\property_conditions\new\new_038.jpg,new,0
new_039.jpg,C:\Users\LENOVO\Desktop\realityai\data\raw\property_conditions\new\new_039.jpg,new,0
new_040.jpg,C:\Users\LENOVO\Desktop\realityai\data\raw\property_conditions\new\new_040.jpg,new,0
new_041.jpg,C:\Users\LENOVO\Desktop\realityai\data\raw\property_conditions\new\new_041.jpg,new,0
new_042.jpg,C:\Users\LENOVO\Desktop\realityai\data\raw\property_conditions\new\new_042.jpg,new,0
new_043.jpg,C:\Users\LENOVO\Desktop\realityai\data\raw\property_conditions\new\new_043.jpg,new,0
new_044.jpg,C:\Users\LENOVO\Desktop\realityai\data\raw\property_conditions\new\new_044.jpg,new,0
new_045.jpg,C:\Users\LENOVO\Desktop\realityai\data\raw\property_conditions\new\new_045.jpg,new,0
new_046.jpg,C:\Users\LENOVO\Desktop\realityai\data\raw\property_conditions\new\new_046.jpg,new,0
new_047.jpg,C:\Users\LENOVO\Desktop\realityai\data\raw\property_conditions\new\new_047.jpg,new,0
new_048.jpg,C:\Users\LENOVO\Desktop\realityai\data\raw\property_conditions\new\new_048.jpg,new,0
new_049.jpg,C:\Users\LENOVO\Desktop\realityai\data\raw\property_conditions\new\new_049.jpg,new,0
new_050.jpg,C:\Users\LENOVO\Desktop\realityai\data\raw\property_conditions\new\new_050.jpg,new,0
new_051.jpg,C:\Users\LENOVO\Desktop\realityai\data\raw\property_conditions\new\new_051.jpg,new,0
new_052.jpg,C:\Users\LENOVO\Desktop\realityai\data\raw\property_conditions\new\new_052.jpg,new,0
new_053.jpg,C:\Users\LENOVO\Desktop\realityai\data\raw\property_conditions\new\new_053.jpg,new,0
new_054.jpg,C:\Users\LENOVO\Desktop\realityai\data\raw\property_conditions\new\new_054.jpg,new,0
new_055.jpg,C:\Users\LENOVO\Desktop\realityai\data\raw\property_conditions\new\new_055.jpg,new,0
new_056.jpg,C:\Users\LENOVO\Desktop\realityai\data\raw\property_conditions\new\new_056.jpg,new,0
new_057.jpg,C:\Users\LENOVO\Desktop\realityai\data\raw\property_conditions\new\new_057.jpg,new,0
new_058.jpg,C:\Users\LENOVO\Desktop\realityai\data\raw\property_conditions\new\new_058.jpg,new,0
new_059.jpg,C:\Users\LENOVO\Desktop\realityai\data\raw\property_conditions\new\new_059.jpg,new,0
moderate_000.jpg,C:\Users\LENOVO\Desktop\realityai\data\raw\property_conditions\moderate\moderate_000.jpg,moderate,1
moderate_001.jpg,C:\Users\LENOVO\Desktop\realityai\data\raw\property_conditions\moderate\moderate_001.jpg,moderate,1
moderate_002.jpg,C:\Users\LENOVO\Desktop\realityai\data\raw\property_conditions\moderate\moderate_002.jpg,moderate,1
moderate_003.jpg,C:\Users\LENOVO\Desktop\realityai\data\raw\property_conditions\moderate\moderate_003.jpg,moderate,1
moderate_004.jpg,C:\Users\LENOVO\Desktop\realityai\data\raw\property_conditions\moderate\moderate_004.jpg,moderate,1
moderate_005.jpg,C:\Users\LENOVO\Desktop\realityai\data\raw\property_conditions\moderate\moderate_005.jpg,moderate,1
moderate_006.jpg,C:\Users\LENOVO\Desktop\realityai\data\raw\property_conditions\moderate\moderate_006.jpg,moderate,1
moderate_007.jpg,C:\Users\LENOVO\Desktop\realityai\data\raw\property_conditions\moderate\moderate_007.jpg,moderate,1
moderate_008.jpg,C:\Users\LENOVO\Desktop\realityai\data\raw\property_conditions\moderate\moderate_008.jpg,moderate,1
moderate_009.jpg,C:\Users\LENOVO\Desktop\realityai\data\raw\property_conditions\moderate\moderate_009.jpg,moderate,1
moderate_010.jpg,C:\Users\LENOVO\Desktop\realityai\data\raw\property_conditions\moderate\moderate_010.jpg,moderate,1
moderate_011.jpg,C:\Users\LENOVO\Desktop\realityai\data\raw\property_conditions\moderate\moderate_011.jpg,moderate,1
moderate_012.jpg,C:\Users\LENOVO\Desktop\realityai\data\raw\property_conditions\moderate\moderate_012.jpg,moderate,1
moderate_013.jpg,C:\Users\LENOVO\Desktop\realityai\data\raw\property_conditions\moderate\moderate_013.jpg,moderate,1
moderate_014.jpg,C:\Users\LENOVO\Desktop\realityai\data\raw\property_conditions\moderate\moderate_014.jpg,moderate,1
moderate_015.jpg,C:\Users\LENOVO\Desktop\realityai\data\raw\property_conditions\moderate\moderate_015.jpg,moderate,1
moderate_016.jpg,C:\Users\LENOVO\Desktop\realityai\data\raw\property_conditions\moderate\moderate_016.jpg,moderate,1
moderate_017.jpg,C:\Users\LENOVO\Desktop\realityai\data\raw\property_conditions\moderate\moderate_017.jpg,moderate,1
moderate_018.jpg,C:\Users\LENOVO\Desktop\realityai\data\raw\property_conditions\moderate\moderate_018.jpg,moderate,1
moderate_019.jpg,C:\Users\LENOVO\Desktop\realityai\data\raw\property_conditions\moderate\moderate_019.jpg,moderate,1
moderate_020.jpg,C:\Users\LENOVO\Desktop\realityai\data\raw\property_conditions\moderate\moderate_020.jpg,moderate,1
moderate_021.jpg,C:\Users\LENOVO\Desktop\realityai\data\raw\property_conditions\moderate\moderate_021.jpg,moderate,1
moderate_022.jpg,C:\Users\LENOVO\Desktop\realityai\data\raw\property_conditions\moderate\moderate_022.jpg,moderate,1
moderate_023.jpg,C:\Users\LENOVO\Desktop\realityai\data\raw\property_conditions\moderate\moderate_023.jpg,moderate,1
moderate_024.jpg,C:\Users\LENOVO\Desktop\realityai\data\raw\property_conditions\moderate\moderate_024.jpg,moderate,1
moderate_025.jpg,C:\Users\LENOVO\Desktop\realityai\data\raw\property_conditions\moderate\moderate_025.jpg,moderate,1
moderate_026.jpg,C:\Users\LENOVO\Desktop\realityai\data\raw\property_conditions\moderate\moderate_026.jpg,moderate,1
moderate_027.jpg,C:\Users\LENOVO\Desktop\realityai\data\raw\property_conditions\moderate\moderate_027.jpg,moderate,1
moderate_028.jpg,C:\Users\LENOVO\Desktop\realityai\data\raw\property_conditions\moderate\moderate_028.jpg,moderate,1
moderate_029.jpg,C:\Users\LENOVO\Desktop\realityai\data\raw\property_conditions\moderate\moderate_029.jpg,moderate,1
moderate_030.jpg,C:\Users\LENOVO\Desktop\realityai\data\raw\property_conditions\moderate\moderate_030.jpg,moderate,1
moderate_031.jpg,C:\Users\LENOVO\Desktop\realityai\data\raw\property_conditions\moderate\moderate_031.jpg,moderate,1
moderate_032.jpg,C:\Users\LENOVO\Desktop\realityai\data\raw\property_conditions\moderate\moderate_032.jpg,moderate,1
moderate_033.jpg,C:\Users\LENOVO\Desktop\realityai\data\raw\property_conditions\moderate\moderate_033.jpg,moderate,1
moderate_034.jpg,C:\Users\LENOVO\Desktop\realityai\data\raw\property_conditions\moderate\moderate_034.jpg,moderate,1
moderate_035.jpg,C:\Users\LENOVO\Desktop\realityai\data\raw\property_conditions\moderate\moderate_035.jpg,moderate,1
moderate_036.jpg,C:\Users\LENOVO\Desktop\realityai\data\raw\property_conditions\moderate\moderate_036.jpg,moderate,1
moderate_037.jpg,C:\Users\LENOVO\Desktop\realityai\data\raw\property_conditions\moderate\moderate_037.jpg,moderate,1
moderate_038.jpg,C:\Users\LENOVO\Desktop\realityai\data\raw\property_conditions\moderate\moderate_038.jpg,moderate,1
moderate_039.jpg,C:\Users\LENOVO\Desktop\realityai\data\raw\property_conditions\moderate\moderate_039.jpg,moderate,1
moderate_040.jpg,C:\Users\LENOVO\Desktop\realityai\data\raw\property_conditions\moderate\moderate_040.jpg,moderate,1
moderate_041.jpg,C:\Users\LENOVO\Desktop\realityai\data\raw\property_conditions\moderate\moderate_041.jpg,moderate,1
moderate_042.jpg,C:\Users\LENOVO\Desktop\realityai\data\raw\property_conditions\moderate\moderate_042.jpg,moderate,1
moderate_043.jpg,C:\Users\LENOVO\Desktop\realityai\data\raw\property_conditions\moderate\moderate_043.jpg,moderate,1
moderate_044.jpg,C:\Users\LENOVO\Desktop\realityai\data\raw\property_conditions\moderate\moderate_044.jpg,moderate,1
moderate_045.jpg,C:\Users\LENOVO\Desktop\realityai\data\raw\property_conditions\moderate\moderate_045.jpg,moderate,1
moderate_046.jpg,C:\Users\LENOVO\Desktop\realityai\data\raw\property_conditions\moderate\moderate_046.jpg,moderate,1
moderate_047.jpg,C:\Users\LENOVO\Desktop\realityai\data\raw\property_conditions\moderate\moderate_047.jpg,moderate,1
moderate_048.jpg,C:\Users\LENOVO\Desktop\realityai\data\raw\property_conditions\moderate\moderate_048.jpg,moderate,1
moderate_049.jpg,C:\Users\LENOVO\Desktop\realityai\data\raw\property_conditions\moderate\moderate_049.jpg,moderate,1
moderate_050.jpg,C:\Users\LENOVO\Desktop\realityai\data\raw\property_conditions\moderate\moderate_050.jpg,moderate,1
moderate_051.jpg,C:\Users\LENOVO\Desktop\realityai\data\raw\property_conditions\moderate\moderate_051.jpg,moderate,1
moderate_052.jpg,C:\Users\LENOVO\Desktop\realityai\data\raw\property_conditions\moderate\moderate_052.jpg,moderate,1
moderate_053.jpg,C:\Users\LENOVO\Desktop\realityai\data\raw\property_conditions\moderate\moderate_053.jpg,moderate,1
moderate_054.jpg,C:\Users\LENOVO\Desktop\realityai\data\raw\property_conditions\moderate\moderate_054.jpg,moderate,1
moderate_055.jpg,C:\Users\LENOVO\Desktop\realityai\data\raw\property_conditions\moderate\moderate_055.jpg,moderate,1
moderate_056.jpg,C:\Users\LENOVO\Desktop\realityai\data\raw\property_conditions\moderate\moderate_056.jpg,moderate,1
moderate_057.jpg,C:\Users\LENOVO\Desktop\realityai\data\raw\property_conditions\moderate\moderate_057.jpg,moderate,1
moderate_058.jpg,C:\Users\LENOVO\Desktop\realityai\data\raw\property_conditions\moderate\moderate_058.jpg,moderate,1
moderate_059.jpg,C:\Users\LENOVO\Desktop\realityai\data\raw\property_conditions\moderate\moderate_059.jpg,moderate,1
old_000.jpg,C:\Users\LENOVO\Desktop\realityai\data\raw\property_conditions\old\old_000.jpg,old,2
old_001.jpg,C:\Users\LENOVO\Desktop\realityai\data\raw\property_conditions\old\old_001.jpg,old,2
old_002.jpg,C:\Users\LENOVO\Desktop\realityai\data\raw\property_conditions\old\old_002.jpg,old,2
old_003.jpg,C:\Users\LENOVO\Desktop\realityai\data\raw\property_conditions\old\old_003.jpg,old,2
old_004.jpg,C:\Users\LENOVO\Desktop\realityai\data\raw\property_conditions\old\old_004.jpg,old,2
old_005.jpg,C:\Users\LENOVO\Desktop\realityai\data\raw\property_conditions\old\old_005.jpg,old,2
old_006.jpg,C:\Users\LENOVO\Desktop\realityai\data\raw\property_conditions\old\old_006.jpg,old,2
old_007.jpg,C:\Users\LENOVO\Desktop\realityai\data\raw\property_conditions\old\old_007.jpg,old,2
old_008.jpg,C:\Users\LENOVO\Desktop\realityai\data\raw\property_conditions\old\old_008.jpg,old,2
old_009.jpg,C:\Users\LENOVO\Desktop\realityai\data\raw\property_conditions\old\old_009.jpg,old,2
old_010.jpg,C:\Users\LENOVO\Desktop\realityai\data\raw\property_conditions\old\old_010.jpg,old,2
old_011.jpg,C:\Users\LENOVO\Desktop\realityai\data\raw\property_conditions\old\old_011.jpg,old,2
old_012.jpg,C:\Users\LENOVO\Desktop\realityai\data\raw\property_conditions\old\old_012.jpg,old,2
old_013.jpg,C:\Users\LENOVO\Desktop\realityai\data\raw\property_conditions\old\old_013.jpg,old,2
old_014.jpg,C:\Users\LENOVO\Desktop\realityai\data\raw\property_conditions\old\old_014.jpg,old,2
old_015.jpg,C:\Users\LENOVO\Desktop\realityai\data\raw\property_conditions\old\old_015.jpg,old,2
old_016.jpg,C:\Users\LENOVO\Desktop\realityai\data\raw\property_conditions\old\old_016.jpg,old,2
old_017.jpg,C:\Users\LENOVO\Desktop\realityai\data\raw\property_conditions\old\old_017.jpg,old,2
old_018.jpg,C:\Users\LENOVO\Desktop\realityai\data\raw\property_conditions\old\old_018.jpg,old,2
old_019.jpg,C:\Users\LENOVO\Desktop\realityai\data\raw\property_conditions\old\old_019.jpg,old,2
old_020.jpg,C:\Users\LENOVO\Desktop\realityai\data\raw\property_conditions\old\old_020.jpg,old,2
old_021.jpg,C:\Users\LENOVO\Desktop\realityai\data\raw\property_conditions\old\old_021.jpg,old,2
old_022.jpg,C:\Users\LENOVO\Desktop\realityai\data\raw\property_conditions\old\old_022.jpg,old,2
old_023.jpg,C:\Users\LENOVO\Desktop\realityai\data\raw\property_conditions\old\old_023.jpg,old,2
old_024.jpg,C:\Users\LENOVO\Desktop\realityai\data\raw\property_conditions\old\old_024.jpg,old,2
old_025.jpg,C:\Users\LENOVO\Desktop\realityai\data\raw\property_conditions\old\old_025.jpg,old,2
old_026.jpg,C:\Users\LENOVO\Desktop\realityai\data\raw\property_conditions\old\old_026.jpg,old,2
old_027.jpg,C:\Users\LENOVO\Desktop\realityai\data\raw\property_conditions\old\old_027.jpg,old,2
old_028.jpg,C:\Users\LENOVO\Desktop\realityai\data\raw\property_conditions\old\old_028.jpg,old,2
old_029.jpg,C:\Users\LENOVO\Desktop\realityai\data\raw\property_conditions\old\old_029.jpg,old,2
old_030.jpg,C:\Users\LENOVO\Desktop\realityai\data\raw\property_conditions\old\old_030.jpg,old,2
old_031.jpg,C:\Users\LENOVO\Desktop\realityai\data\raw\property_conditions\old\old_031.jpg,old,2
old_032.jpg,C:\Users\LENOVO\Desktop\realityai\data\raw\property_conditions\old\old_032.jpg,old,2
old_033.jpg,C:\Users\LENOVO\Desktop\realityai\data\raw\property_conditions\old\old_033.jpg,old,2
old_034.jpg,C:\Users\LENOVO\Desktop\realityai\data\raw\property_conditions\old\old_034.jpg,old,2
old_035.jpg,C:\Users\LENOVO\Desktop\realityai\data\raw\property_conditions\old\old_035.jpg,old,2
old_036.jpg,C:\Users\LENOVO\Desktop\realityai\data\raw\property_conditions\old\old_036.jpg,old,2
old_037.jpg,C:\Users\LENOVO\Desktop\realityai\data\raw\property_conditions\old\old_037.jpg,old,2
old_038.jpg,C:\Users\LENOVO\Desktop\realityai\data\raw\property_conditions\old\old_038.jpg,old,2
old_039.jpg,C:\Users\LENOVO\Desktop\realityai\data\raw\property_conditions\old\old_039.jpg,old,2
old_040.jpg,C:\Users\LENOVO\Desktop\realityai\data\raw\property_conditions\old\old_040.jpg,old,2
old_041.jpg,C:\Users\LENOVO\Desktop\realityai\data\raw\property_conditions\old\old_041.jpg,old,2
old_042.jpg,C:\Users\LENOVO\Desktop\realityai\data\raw\property_conditions\old\old_042.jpg,old,2
old_043.jpg,C:\Users\LENOVO\Desktop\realityai\data\raw\property_conditions\old\old_043.jpg,old,2
old_044.jpg,C:\Users\LENOVO\Desktop\realityai\data\raw\property_conditions\old\old_044.jpg,old,2
old_045.jpg,C:\Users\LENOVO\Desktop\realityai\data\raw\property_conditions\old\old_045.jpg,old,2
old_046.jpg,C:\Users\LENOVO\Desktop\realityai\data\raw\property_conditions\old\old_046.jpg,old,2
old_047.jpg,C:\Users\LENOVO\Desktop\realityai\data\raw\property_conditions\old\old_047.jpg,old,2
old_048.jpg,C:\Users\LENOVO\Desktop\realityai\data\raw\property_conditions\old\old_048.jpg,old,2
old_049.jpg,C:\Users\LENOVO\Desktop\realityai\data\raw\property_conditions\old\old_049.jpg,old,2
old_050.jpg,C:\Users\LENOVO\Desktop\realityai\data\raw\property_conditions\old\old_050.jpg,old,2
old_051.jpg,C:\Users\LENOVO\Desktop\realityai\data\raw\property_conditions\old\old_051.jpg,old,2
old_052.jpg,C:\Users\LENOVO\Desktop\realityai\data\raw\property_conditions\old\old_052.jpg,old,2
old_053.jpg,C:\Users\LENOVO\Desktop\realityai\data\raw\property_conditions\old\old_053.jpg,old,2
old_054.jpg,C:\Users\LENOVO\Desktop\realityai\data\raw\property_conditions\old\old_054.jpg,old,2
old_055.jpg,C:\Users\LENOVO\Desktop\realityai\data\raw\property_conditions\old\old_055.jpg,old,2
old_056.jpg,C:\Users\LENOVO\Desktop\realityai\data\raw\property_conditions\old\old_056.jpg,old,2
old_057.jpg,C:\Users\LENOVO\Desktop\realityai\data\raw\property_conditions\old\old_057.jpg,old,2
old_058.jpg,C:\Users\LENOVO\Desktop\realityai\data\raw\property_conditions\old\old_058.jpg,old,2
old_059.jpg,C:\Users\LENOVO\Desktop\realityai\data\raw\property_conditions\old\old_059.jpg,old,2
