image_id,image_path,mask_path,raw_tif_path,raw_geojson_path,aoi,source_dataset,source_bucket,purpose,source_split,width,height,channels,crs,transform_available,num_buildings,building_pixel_pct,license,image_sha256,mask_sha256
vegas_1002,data/raw/spacenet/research_train/images/spacenet_vegas_chip_1002.png,data/raw/spacenet/research_train/masks/spacenet_vegas_chip_1002_mask.png,data/raw/spacenet/research_train/raw_chips/img1002.tif,data/raw/spacenet/research_train/raw_chips/img1002.geojson,AOI_2_Vegas,SpaceNet 2 Building Detection (Vegas Train),s3://spacenet-dataset/spacenet/SN2_buildings/train/AOI_2_Vegas/,RESEARCH_TRAINING,train,650,650,3,EPSG:4326,True,0,0.0,CC BY-SA 4.0,1884bd23888496aeb1cdc1635b6bfd0f406eaaf56765fec4525f74138dbfbb24,3a4897b77d20603d19a6eb4c2b3f090afcdcbb34dda46b9a5562870efa259fdd
vegas_1003,data/raw/spacenet/research_train/images/spacenet_vegas_chip_1003.png,data/raw/spacenet/research_train/masks/spacenet_vegas_chip_1003_mask.png,data/raw/spacenet/research_train/raw_chips/img1003.tif,data/raw/spacenet/research_train/raw_chips/img1003.geojson,AOI_2_Vegas,SpaceNet 2 Building Detection (Vegas Train),s3://spacenet-dataset/spacenet/SN2_buildings/train/AOI_2_Vegas/,RESEARCH_TRAINING,train,650,650,3,EPSG:4326,True,9,11.0379,CC BY-SA 4.0,67f4418a4b6b06c6ee540003131563c63b77e0f2a1526b3d50c37c27e380f93f,5f3f10fa3000db10db37221644ce7c682e523b92bb9caa7c121de06a5c98b103
vegas_1004,data/raw/spacenet/research_train/images/spacenet_vegas_chip_1004.png,data/raw/spacenet/research_train/masks/spacenet_vegas_chip_1004_mask.png,data/raw/spacenet/research_train/raw_chips/img1004.tif,data/raw/spacenet/research_train/raw_chips/img1004.geojson,AOI_2_Vegas,SpaceNet 2 Building Detection (Vegas Train),s3://spacenet-dataset/spacenet/SN2_buildings/train/AOI_2_Vegas/,RESEARCH_TRAINING,train,650,650,3,EPSG:4326,True,15,15.5877,CC BY-SA 4.0,bccc110747c6598be457e2292d226d1b616621403a7fe88b557ef4cd836f945a,e7d3d42a6983e8c47402baa5fcfc8bb7a83ee35b9b6f4b1b1be35a667f7ac9f3
vegas_1006,data/raw/spacenet/research_train/images/spacenet_vegas_chip_1006.png,data/raw/spacenet/research_train/masks/spacenet_vegas_chip_1006_mask.png,data/raw/spacenet/research_train/raw_chips/img1006.tif,data/raw/spacenet/research_train/raw_chips/img1006.geojson,AOI_2_Vegas,SpaceNet 2 Building Detection (Vegas Train),s3://spacenet-dataset/spacenet/SN2_buildings/train/AOI_2_Vegas/,RESEARCH_TRAINING,train,650,650,3,EPSG:4326,True,21,15.8885,CC BY-SA 4.0,5fbc89bba4a49c3a686cbb0168063d32c4d3e2f668319ce7a3adcccb8f425c93,286c5f6fe99ffe41a36cb440712f3bdf5646c9ae0ffe1bb20ee4e606034c1a7e
vegas_1007,data/raw/spacenet/research_train/images/spacenet_vegas_chip_1007.png,data/raw/spacenet/research_train/masks/spacenet_vegas_chip_1007_mask.png,data/raw/spacenet/research_train/raw_chips/img1007.tif,data/raw/spacenet/research_train/raw_chips/img1007.geojson,AOI_2_Vegas,SpaceNet 2 Building Detection (Vegas Train),s3://spacenet-dataset/spacenet/SN2_buildings/train/AOI_2_Vegas/,RESEARCH_TRAINING,train,650,650,3,EPSG:4326,True,34,20.0653,CC BY-SA 4.0,625848745769e1ae4660d5928d452dcd937b4e7b6f7eb81408e5e831b5ed5b90,f6e6d560bd15bbab141b511c69468635ffe4a6176fa14b270553833eb40b3824
vegas_1009,data/raw/spacenet/research_train/images/spacenet_vegas_chip_1009.png,data/raw/spacenet/research_train/masks/spacenet_vegas_chip_1009_mask.png,data/raw/spacenet/research_train/raw_chips/img1009.tif,data/raw/spacenet/research_train/raw_chips/img1009.geojson,AOI_2_Vegas,SpaceNet 2 Building Detection (Vegas Train),s3://spacenet-dataset/spacenet/SN2_buildings/train/AOI_2_Vegas/,RESEARCH_TRAINING,train,650,650,3,EPSG:4326,True,39,24.2327,CC BY-SA 4.0,ea51015c08eb884a3c6f54e2f2cfa1baa62b16458c8c20fd7c760aa247659dd5,f8a5f7534612f42d8bdd671d1fb2bb292434a3806fd761727edec6822730d799
vegas_1010,data/raw/spacenet/research_train/images/spacenet_vegas_chip_1010.png,data/raw/spacenet/research_train/masks/spacenet_vegas_chip_1010_mask.png,data/raw/spacenet/research_train/raw_chips/img1010.tif,data/raw/spacenet/research_train/raw_chips/img1010.geojson,AOI_2_Vegas,SpaceNet 2 Building Detection (Vegas Train),s3://spacenet-dataset/spacenet/SN2_buildings/train/AOI_2_Vegas/,RESEARCH_TRAINING,train,650,650,3,EPSG:4326,True,18,9.2653,CC BY-SA 4.0,9748049f1dd7559c29ce2e7ad04fff54894be544a33ea3d19dd60b6b441a5b54,bb126ff40cd8dba8999f99e2df117071af2ba7ea8124596a0205df52e42a571d
vegas_1015,data/raw/spacenet/research_train/images/spacenet_vegas_chip_1015.png,data/raw/spacenet/research_train/masks/spacenet_vegas_chip_1015_mask.png,data/raw/spacenet/research_train/raw_chips/img1015.tif,data/raw/spacenet/research_train/raw_chips/img1015.geojson,AOI_2_Vegas,SpaceNet 2 Building Detection (Vegas Train),s3://spacenet-dataset/spacenet/SN2_buildings/train/AOI_2_Vegas/,RESEARCH_TRAINING,train,650,650,3,EPSG:4326,True,41,26.7633,CC BY-SA 4.0,e02b719c24456e231da316f28833d608157edceb62768c23ec7319021cc6eaa9,101fb4ac8f3ff96e20f88942ac2e967f84703d13adb0a6e07dd98c5f1f78a4b8
vegas_1016,data/raw/spacenet/research_train/images/spacenet_vegas_chip_1016.png,data/raw/spacenet/research_train/masks/spacenet_vegas_chip_1016_mask.png,data/raw/spacenet/research_train/raw_chips/img1016.tif,data/raw/spacenet/research_train/raw_chips/img1016.geojson,AOI_2_Vegas,SpaceNet 2 Building Detection (Vegas Train),s3://spacenet-dataset/spacenet/SN2_buildings/train/AOI_2_Vegas/,RESEARCH_TRAINING,train,650,650,3,EPSG:4326,True,43,18.0436,CC BY-SA 4.0,13e5d5e5abd1ac62bc1c1e3b1c05c4cdd01cf03d07b688d5a9cdac13a4b03cc8,39aa1aeb0bd20546f65b00f4fdf22afbd32b4286546b880d507a5b33195d05dd
vegas_1017,data/raw/spacenet/research_train/images/spacenet_vegas_chip_1017.png,data/raw/spacenet/research_train/masks/spacenet_vegas_chip_1017_mask.png,data/raw/spacenet/research_train/raw_chips/img1017.tif,data/raw/spacenet/research_train/raw_chips/img1017.geojson,AOI_2_Vegas,SpaceNet 2 Building Detection (Vegas Train),s3://spacenet-dataset/spacenet/SN2_buildings/train/AOI_2_Vegas/,RESEARCH_TRAINING,train,650,650,3,EPSG:4326,True,39,19.9127,CC BY-SA 4.0,0accec76982ef97d8ddd55a496bb7681964b66bec8f4e3314af426d7976e436e,5579032902400455b8e056460e786f8c990008838544ab3bfd2d4e9b5b700524
vegas_1018,data/raw/spacenet/research_train/images/spacenet_vegas_chip_1018.png,data/raw/spacenet/research_train/masks/spacenet_vegas_chip_1018_mask.png,data/raw/spacenet/research_train/raw_chips/img1018.tif,data/raw/spacenet/research_train/raw_chips/img1018.geojson,AOI_2_Vegas,SpaceNet 2 Building Detection (Vegas Train),s3://spacenet-dataset/spacenet/SN2_buildings/train/AOI_2_Vegas/,RESEARCH_TRAINING,train,650,650,3,EPSG:4326,True,40,22.0424,CC BY-SA 4.0,413a0f16d9ba8441e3bfec2736bfbc014f5e0a4530623c0dab8b1e6270610f15,323995ebb530fdfaa99103c82e5bbdd0a789429b2bacf4e3898ac4c0c46a4f42
vegas_1021,data/raw/spacenet/research_train/images/spacenet_vegas_chip_1021.png,data/raw/spacenet/research_train/masks/spacenet_vegas_chip_1021_mask.png,data/raw/spacenet/research_train/raw_chips/img1021.tif,data/raw/spacenet/research_train/raw_chips/img1021.geojson,AOI_2_Vegas,SpaceNet 2 Building Detection (Vegas Train),s3://spacenet-dataset/spacenet/SN2_buildings/train/AOI_2_Vegas/,RESEARCH_TRAINING,train,650,650,3,EPSG:4326,True,41,23.0154,CC BY-SA 4.0,ae8facb3a18a88d26045f46382dc56c6182949fb1a04d698a4a30bb60f7587e7,8be6d0465d2596c9c7af904e140dc075f20a9bd7bc643af51ad38355e7d3c1ba
vegas_1023,data/raw/spacenet/research_train/images/spacenet_vegas_chip_1023.png,data/raw/spacenet/research_train/masks/spacenet_vegas_chip_1023_mask.png,data/raw/spacenet/research_train/raw_chips/img1023.tif,data/raw/spacenet/research_train/raw_chips/img1023.geojson,AOI_2_Vegas,SpaceNet 2 Building Detection (Vegas Train),s3://spacenet-dataset/spacenet/SN2_buildings/train/AOI_2_Vegas/,RESEARCH_TRAINING,train,650,650,3,EPSG:4326,True,34,23.164,CC BY-SA 4.0,d59fca8e6f363ae2909de42a41a146c1044cfd19b94a39566ef3fe2a98dce289,86f60441ab78bb487b2f528be23f38e0a518a77802887e8fe797a436347104fd
vegas_1025,data/raw/spacenet/research_train/images/spacenet_vegas_chip_1025.png,data/raw/spacenet/research_train/masks/spacenet_vegas_chip_1025_mask.png,data/raw/spacenet/research_train/raw_chips/img1025.tif,data/raw/spacenet/research_train/raw_chips/img1025.geojson,AOI_2_Vegas,SpaceNet 2 Building Detection (Vegas Train),s3://spacenet-dataset/spacenet/SN2_buildings/train/AOI_2_Vegas/,RESEARCH_TRAINING,train,650,650,3,EPSG:4326,True,29,11.577,CC BY-SA 4.0,d5fb6c9d7d123671b1c985de7322e193c31072542f8a9c641ec5e28d8e73297a,3a79f8f1bc6672613792ab833869c50893d0f252a9f9cab6b742b9870fd21b52
vegas_1028,data/raw/spacenet/research_train/images/spacenet_vegas_chip_1028.png,data/raw/spacenet/research_train/masks/spacenet_vegas_chip_1028_mask.png,data/raw/spacenet/research_train/raw_chips/img1028.tif,data/raw/spacenet/research_train/raw_chips/img1028.geojson,AOI_2_Vegas,SpaceNet 2 Building Detection (Vegas Train),s3://spacenet-dataset/spacenet/SN2_buildings/train/AOI_2_Vegas/,RESEARCH_TRAINING,train,650,650,3,EPSG:4326,True,10,5.8024,CC BY-SA 4.0,c35eaac6989ed05e7d619a2d6436505d8ab286885ed41c401dd4906dcd0a1231,03774cf9cb88d103c89cf7c95e1d817152de4470e7ddd736d9f1e5c47bc91499
vegas_1029,data/raw/spacenet/research_train/images/spacenet_vegas_chip_1029.png,data/raw/spacenet/research_train/masks/spacenet_vegas_chip_1029_mask.png,data/raw/spacenet/research_train/raw_chips/img1029.tif,data/raw/spacenet/research_train/raw_chips/img1029.geojson,AOI_2_Vegas,SpaceNet 2 Building Detection (Vegas Train),s3://spacenet-dataset/spacenet/SN2_buildings/train/AOI_2_Vegas/,RESEARCH_TRAINING,train,650,650,3,EPSG:4326,True,42,21.3946,CC BY-SA 4.0,56333a76ac78aa946047fb2c1478cbff3095e467f06f67fec0d243d56f4df535,bc0cb3a0bdc3d6f4955e1d81d33ef306ef5e26a7d05ab291a93aa022aa5feed4
vegas_1030,data/raw/spacenet/research_train/images/spacenet_vegas_chip_1030.png,data/raw/spacenet/research_train/masks/spacenet_vegas_chip_1030_mask.png,data/raw/spacenet/research_train/raw_chips/img1030.tif,data/raw/spacenet/research_train/raw_chips/img1030.geojson,AOI_2_Vegas,SpaceNet 2 Building Detection (Vegas Train),s3://spacenet-dataset/spacenet/SN2_buildings/train/AOI_2_Vegas/,RESEARCH_TRAINING,train,650,650,3,EPSG:4326,True,64,27.8222,CC BY-SA 4.0,488cc6df706901189309084b9eca813ce4be878f2bc857ebaf8e320b5d5cd32d,491146d600c716fec62f57fb63f310f8a94154cb8d3ba3cfaefc41bace4ed2d9
vegas_1031,data/raw/spacenet/research_train/images/spacenet_vegas_chip_1031.png,data/raw/spacenet/research_train/masks/spacenet_vegas_chip_1031_mask.png,data/raw/spacenet/research_train/raw_chips/img1031.tif,data/raw/spacenet/research_train/raw_chips/img1031.geojson,AOI_2_Vegas,SpaceNet 2 Building Detection (Vegas Train),s3://spacenet-dataset/spacenet/SN2_buildings/train/AOI_2_Vegas/,RESEARCH_TRAINING,train,650,650,3,EPSG:4326,True,64,24.7775,CC BY-SA 4.0,4e08960711af56702cd46b6411a98a0a38330062fcd115741481f4ca6627bec5,6ad574641941bd726ffa955be6478e18dd8a6b69d1886c5c72793253d0151451
vegas_1032,data/raw/spacenet/research_train/images/spacenet_vegas_chip_1032.png,data/raw/spacenet/research_train/masks/spacenet_vegas_chip_1032_mask.png,data/raw/spacenet/research_train/raw_chips/img1032.tif,data/raw/spacenet/research_train/raw_chips/img1032.geojson,AOI_2_Vegas,SpaceNet 2 Building Detection (Vegas Train),s3://spacenet-dataset/spacenet/SN2_buildings/train/AOI_2_Vegas/,RESEARCH_TRAINING,train,650,650,3,EPSG:4326,True,40,13.4296,CC BY-SA 4.0,500add2b4d908244dc916fd4c84b50d9a1c431451fe14fb5117d98ff62080691,78664f515f5cdc5e92cdddb9ea41895371a06069cbdca279a55fa3afcfdbeb8c
vegas_1034,data/raw/spacenet/research_train/images/spacenet_vegas_chip_1034.png,data/raw/spacenet/research_train/masks/spacenet_vegas_chip_1034_mask.png,data/raw/spacenet/research_train/raw_chips/img1034.tif,data/raw/spacenet/research_train/raw_chips/img1034.geojson,AOI_2_Vegas,SpaceNet 2 Building Detection (Vegas Train),s3://spacenet-dataset/spacenet/SN2_buildings/train/AOI_2_Vegas/,RESEARCH_TRAINING,train,650,650,3,EPSG:4326,True,5,1.0504,CC BY-SA 4.0,c6f538b38a675b48ce95072b2a65588070b1e3c18b5fab1029c3cd07bb020eab,02160bea3246bea952325891fbeea1a6acedd8b625b209451dc2427faae6effa
vegas_1035,data/raw/spacenet/research_train/images/spacenet_vegas_chip_1035.png,data/raw/spacenet/research_train/masks/spacenet_vegas_chip_1035_mask.png,data/raw/spacenet/research_train/raw_chips/img1035.tif,data/raw/spacenet/research_train/raw_chips/img1035.geojson,AOI_2_Vegas,SpaceNet 2 Building Detection (Vegas Train),s3://spacenet-dataset/spacenet/SN2_buildings/train/AOI_2_Vegas/,RESEARCH_TRAINING,train,650,650,3,EPSG:4326,True,0,0.0,CC BY-SA 4.0,519b473a7311658be12c192bf2930627d89201ef215e605abb3a30647ca23035,3a4897b77d20603d19a6eb4c2b3f090afcdcbb34dda46b9a5562870efa259fdd
vegas_1037,data/raw/spacenet/research_train/images/spacenet_vegas_chip_1037.png,data/raw/spacenet/research_train/masks/spacenet_vegas_chip_1037_mask.png,data/raw/spacenet/research_train/raw_chips/img1037.tif,data/raw/spacenet/research_train/raw_chips/img1037.geojson,AOI_2_Vegas,SpaceNet 2 Building Detection (Vegas Train),s3://spacenet-dataset/spacenet/SN2_buildings/train/AOI_2_Vegas/,RESEARCH_TRAINING,train,650,650,3,EPSG:4326,True,0,0.0,CC BY-SA 4.0,5c98f95ea01216a6b964e52df40cca8bc6955072f9e9641efe9ff0b360b8842b,3a4897b77d20603d19a6eb4c2b3f090afcdcbb34dda46b9a5562870efa259fdd
vegas_1038,data/raw/spacenet/research_train/images/spacenet_vegas_chip_1038.png,data/raw/spacenet/research_train/masks/spacenet_vegas_chip_1038_mask.png,data/raw/spacenet/research_train/raw_chips/img1038.tif,data/raw/spacenet/research_train/raw_chips/img1038.geojson,AOI_2_Vegas,SpaceNet 2 Building Detection (Vegas Train),s3://spacenet-dataset/spacenet/SN2_buildings/train/AOI_2_Vegas/,RESEARCH_TRAINING,train,650,650,3,EPSG:4326,True,3,1.2211,CC BY-SA 4.0,139da3c7242742642b545592581e593090d7672579088c8ec64b6763366082a9,ff5b1fc62777dfb73723a55d04d372b1680e939990a950e9caef972d716b148d
vegas_1039,data/raw/spacenet/research_train/images/spacenet_vegas_chip_1039.png,data/raw/spacenet/research_train/masks/spacenet_vegas_chip_1039_mask.png,data/raw/spacenet/research_train/raw_chips/img1039.tif,data/raw/spacenet/research_train/raw_chips/img1039.geojson,AOI_2_Vegas,SpaceNet 2 Building Detection (Vegas Train),s3://spacenet-dataset/spacenet/SN2_buildings/train/AOI_2_Vegas/,RESEARCH_TRAINING,train,650,650,3,EPSG:4326,True,2,3.9259,CC BY-SA 4.0,37b08bc31abab484e2e2e3207cc7e888e5ae3c26a2276e76d0cebb8bf27a9c05,295c0e81a2c7c030c1c5e7ed5b79c78096648a226a678b4693b74ec13e6168f8
vegas_1041,data/raw/spacenet/research_train/images/spacenet_vegas_chip_1041.png,data/raw/spacenet/research_train/masks/spacenet_vegas_chip_1041_mask.png,data/raw/spacenet/research_train/raw_chips/img1041.tif,data/raw/spacenet/research_train/raw_chips/img1041.geojson,AOI_2_Vegas,SpaceNet 2 Building Detection (Vegas Train),s3://spacenet-dataset/spacenet/SN2_buildings/train/AOI_2_Vegas/,RESEARCH_TRAINING,val,650,650,3,EPSG:4326,True,39,29.6267,CC BY-SA 4.0,3c967bcb0c1ecf59d6586bd11effd836b03a7b32fa3e42d282c407a77c255f8f,66638d1130e303c339d996fe7795759daa098cf5817f2c56cf5bbbc790276a47
vegas_1042,data/raw/spacenet/research_train/images/spacenet_vegas_chip_1042.png,data/raw/spacenet/research_train/masks/spacenet_vegas_chip_1042_mask.png,data/raw/spacenet/research_train/raw_chips/img1042.tif,data/raw/spacenet/research_train/raw_chips/img1042.geojson,AOI_2_Vegas,SpaceNet 2 Building Detection (Vegas Train),s3://spacenet-dataset/spacenet/SN2_buildings/train/AOI_2_Vegas/,RESEARCH_TRAINING,val,650,650,3,EPSG:4326,True,45,36.5453,CC BY-SA 4.0,73af1bbff85bd9795060fbde329dc849e610e2c053ff7a4d1ed756737fedce3b,236952d94924d90213ae56c0ffaf59dda888d33d313b7c59e82d411931c1cbcc
vegas_1047,data/raw/spacenet/research_train/images/spacenet_vegas_chip_1047.png,data/raw/spacenet/research_train/masks/spacenet_vegas_chip_1047_mask.png,data/raw/spacenet/research_train/raw_chips/img1047.tif,data/raw/spacenet/research_train/raw_chips/img1047.geojson,AOI_2_Vegas,SpaceNet 2 Building Detection (Vegas Train),s3://spacenet-dataset/spacenet/SN2_buildings/train/AOI_2_Vegas/,RESEARCH_TRAINING,val,650,650,3,EPSG:4326,True,5,18.4556,CC BY-SA 4.0,c56efd8c49c9dea10244f7e2ace7c8378edddf7359e65df82e128a8bfefb843a,582202a4d70643700f54a0f44d59a4b8425f9b09cac7794f2616fbbae74b60e6
vegas_1048,data/raw/spacenet/research_train/images/spacenet_vegas_chip_1048.png,data/raw/spacenet/research_train/masks/spacenet_vegas_chip_1048_mask.png,data/raw/spacenet/research_train/raw_chips/img1048.tif,data/raw/spacenet/research_train/raw_chips/img1048.geojson,AOI_2_Vegas,SpaceNet 2 Building Detection (Vegas Train),s3://spacenet-dataset/spacenet/SN2_buildings/train/AOI_2_Vegas/,RESEARCH_TRAINING,val,650,650,3,EPSG:4326,True,24,31.8838,CC BY-SA 4.0,5a52119476eac521a3da9cffe8a4124d1d044aff0fcdd1c9b1a0cfd69d2e09d4,47bd3e09f4601548d28f11414a57c6d38be0ed2988420312f50081f38ce482e4
vegas_1049,data/raw/spacenet/research_train/images/spacenet_vegas_chip_1049.png,data/raw/spacenet/research_train/masks/spacenet_vegas_chip_1049_mask.png,data/raw/spacenet/research_train/raw_chips/img1049.tif,data/raw/spacenet/research_train/raw_chips/img1049.geojson,AOI_2_Vegas,SpaceNet 2 Building Detection (Vegas Train),s3://spacenet-dataset/spacenet/SN2_buildings/train/AOI_2_Vegas/,RESEARCH_TRAINING,val,650,650,3,EPSG:4326,True,22,23.5259,CC BY-SA 4.0,89c053f14cfa64a83470eb862553336509961a86170842594eb3a3e988ba4dd6,bcd7c60cdba4597a5ad6eb9e2d4641e312365084f10b15ff38b73334d8e8c6cd
vegas_1051,data/raw/spacenet/research_train/images/spacenet_vegas_chip_1051.png,data/raw/spacenet/research_train/masks/spacenet_vegas_chip_1051_mask.png,data/raw/spacenet/research_train/raw_chips/img1051.tif,data/raw/spacenet/research_train/raw_chips/img1051.geojson,AOI_2_Vegas,SpaceNet 2 Building Detection (Vegas Train),s3://spacenet-dataset/spacenet/SN2_buildings/train/AOI_2_Vegas/,RESEARCH_TRAINING,val,650,650,3,EPSG:4326,True,21,28.5759,CC BY-SA 4.0,280763b554e0e4c7d457e8e3dd48004dfb4bcc7a3ea8815d8004e01430625429,29ba5b75e376ad4513090c4bab738e7f271c0590c570a60a3e7bc6d444023b35
